image,label_name
37,senne
39,senne;youssef;konrad
40,seppe;alper;daiane;senne
43,raul
45,raul
51,lasse;akif
58,bart;seppe
62,konrad
66,seppe;florian
78,alper
103,daiane
125,raul
139,youssef
160,lasse;alper;akif
161,florian;nelli
166,akif
168,konrad
174,bart
179,alper;akif
182,senne;youssef;michiel;raul
194,alper;seppe
221,daiane
226,senne
233,michiel;matthias;lasse
245,matthias;florian
246,lasse;lasse;florian;matthias;akif
255,nelli
262,senne;youssef;matthias;alper
268,lasse
275,nelli;bart
282,alper;akif
316,raul
344,bart;florian;senne
377,nelli;senne;daiane
381,alper;senne;seppe;youssef;daiane
398,michiel;raul;youssef
416,seppe
418,nelli;lasse;seppe
420,matthias;daiane
423,raul;alper
427,alper
435,youssef
443,florian
444,seppe
448,alper
450,alper
452,lasse;florian;lasse;konrad;michiel
454,raul;raul;lasse;senne
472,alper;florian;matthias
481,bart
513,michiel
521,lasse;senne;michiel;youssef
540,florian;lasse;matthias
551,nelli;daiane;florian
584,nelli;seppe
589,konrad
590,lasse
592,michiel
594,seppe;alper
596,nelli
599,florian
603,konrad;senne;youssef
605,nelli;daiane;nelli;seppe
612,michiel;raul
614,senne
615,youssef;senne
621,senne;daiane
624,seppe;nelli
629,konrad
638,konrad;alper;akif
641,florian
646,raul;matthias
648,matthias
664,matthias;florian
668,lasse;youssef;daiane
669,senne;raul;senne;matthias;youssef
675,nelli;alper
676,alper;matthias;youssef
679,senne;raul
698,bart;konrad
754,florian;konrad;youssef
757,nelli;seppe
763,daiane
764,senne
765,akif
766,youssef
770,nelli
772,nelli
779,daiane;seppe;konrad;akif
786,daiane;konrad
790,florian
792,akif
794,matthias
799,nelli
805,michiel
808,lasse
818,bart;matthias
822,youssef;raul
825,florian
